col1,col2
7.947662,12.219968
11.329375,-0.08698705
5.8361945,12.522989
6.380645,-6.6421566
8.0083475,-6.492001
16.433746,3.487721
15.781635,6.009911
7.6997433,-7.0077477
8.504271,-3.8635833
6.627866,6.3305573
4.4352527,10.766644
7.1579137,12.727298
11.2141695,-0.12619938
4.388322,11.427069
11.888391,12.170951
13.607818,-3.8258302
5.1454663,11.1978445
15.465955,3.8606339
5.9338408,-2.438991
4.553353,11.364044
6.678502,12.036492
14.370368,12.96051
16.589,3.2819343
15.971574,2.517466
5.375019,10.621313
13.644823,-3.4838667
6.4756613,-6.4097824
11.393757,13.793712
5.058788,10.280462
5.2204432,11.668944
14.585257,12.812813
11.649066,-2.0254636
5.947435,12.567782
11.090524,-0.039399244
16.351974,3.606551
8.895473,-6.834786
16.008123,7.0172944
7.613979,6.814101
15.417957,4.758615
7.9228525,-6.792133
16.501863,1.8838953
8.185197,-7.4206805
7.2436595,12.960001
4.348523,10.763795
6.280482,-5.6054525
13.134054,-2.2450712
15.663992,6.250435
6.357168,12.830563
4.6958976,-1.6522491
11.272327,11.815327
13.272552,-2.8357465
11.329287,13.466087
7.815509,12.199595
5.4553213,-1.3882811
16.283146,2.8260758
12.822093,13.170132
13.385747,-3.1295214
16.224203,5.804203
15.786393,6.4402637
5.9434114,12.58127
8.446218,-3.9489193
14.355995,-4.1366653
7.915818,6.7249722
15.747941,3.7132154
13.193601,-2.3711712
6.013081,12.721164
15.42134,4.235001
14.589799,12.874942
5.2616973,11.573802
4.5639524,-1.5724404
7.7627006,12.052465
8.008016,12.074156
-1.8238436,5.3006864
7.520121,6.6566935
4.739641,-1.8790194
6.7133746,-6.2056274
8.803897,-6.7733665
5.2406497,11.6414
7.2906256,12.3309
13.706483,-4.287235
14.732413,12.866602
13.956743,12.652509
11.58616,13.648654
17.30825,2.3253443
5.6639957,-1.9284464
8.195336,-7.0114865
6.3396044,-6.648366
14.174282,13.031881
11.59978,-0.1769946
11.188981,11.238091
5.046487,11.73739
15.863099,7.185415
15.941985,7.274204
15.53296,4.7788763
5.9837756,12.33837
7.232637,12.198374
8.78275,-6.97363
13.717398,-3.5715888
15.348129,4.333111
4.8590555,-1.7494849
6.218012,12.434023
15.702485,4.2860627
13.819819,13.05264
14.347282,12.846028
12.824257,13.1317425
7.7045074,-6.0905075
11.411184,-0.10476093
11.82331,12.169442
8.031253,-6.1103835
15.258998,-3.813947
6.4188704,-6.30407
16.349892,4.0042
8.249073,-3.3791416
6.9556994,-6.863267
4.5491915,-1.5201178
12.443895,12.443548
5.885377,12.142934
7.732444,12.742794
14.915588,-4.3945985
13.704852,-2.765802
16.548464,3.0752249
11.885105,-0.5977917
5.7337165,12.487908
13.760433,-3.0428607
7.5823846,13.174205
5.97578,-2.4095457
14.454826,-2.9054868
6.4635205,6.442415
11.1821995,0.078681596
7.1052394,12.226937
16.424856,3.2372606
6.6573634,12.346019
16.051208,5.862619
7.2329655,-5.7610197
17.04215,3.0533435
8.441782,-3.9499676
-1.8161957,5.292791
14.040057,-2.844605
5.260579,11.702761
17.222382,3.176289
14.499266,12.866873
15.987768,2.665661
5.0282645,-1.4896549
15.786395,3.5539374
12.825051,13.200622
15.74956,6.7086806
11.498541,0.099194765
16.961796,2.5393245
7.208508,12.647076
11.025607,-0.48870477
6.187342,11.851441
6.3667474,-6.191843
6.8986306,11.903308
6.6573367,12.109518
14.504101,-2.9222968
7.528359,6.790089
13.828543,13.244901
7.236854,13.000342
14.061971,-4.389213
14.108947,-4.2295704
6.570004,-5.720691
6.7934313,-6.8401775
14.838969,-4.31436
6.7538457,6.368427
15.180346,4.3313828
12.549461,12.2719345
14.976672,-4.0281935
14.514501,-3.069761
11.190015,11.236886
17.455088,2.2157292
8.815614,-7.019126
6.0705414,12.223544
8.043287,-7.462107
4.3259444,10.856245
6.861763,-5.788121
15.984166,7.246052
15.651315,3.3151824
6.567289,12.811402
14.286885,-3.6201851
6.7812834,5.8789415
6.3061557,12.940801
6.5891304,-5.675827
13.475254,-3.2662795
14.18883,-4.109007
5.6517696,12.040379
11.509043,13.77893
6.458516,12.6414585
6.466798,6.468407
14.098156,12.996065
7.246364,12.931602
15.888334,5.6580043
12.501184,12.400826
11.217092,0.09647517
6.0655003,6.008104
6.7887697,5.9187593
11.949993,-0.5919313
17.353245,2.2263646
7.6634464,6.58092
16.618637,2.605176
5.9812045,12.4815445
13.471199,-2.7883885
12.90646,-2.4536352
6.626756,12.969806
7.516919,-6.0818377
10.907463,-0.44446638
12.913662,13.214134
15.869803,6.9169445
14.843782,3.9646814
8.728163,-7.0170093
6.183013,12.320287
17.04908,3.278892
7.6668115,-6.4506593
16.22984,5.6824694
7.2451367,-5.8566008
15.541186,2.9920604
16.314428,6.041077
6.636808,12.55333
8.122862,-7.195334
11.957908,-2.0861351
11.577123,13.730196
6.3131027,-5.648114
5.2609715,10.524372
16.123363,3.8531206
9.018352,-6.938583
8.050167,-7.2359858
15.782527,6.3425694
5.0384984,-1.5051798
7.3800006,13.200955
15.550098,4.64777
4.46453,-1.4577792
11.1871,11.835528
15.550468,3.192433
14.8130245,-4.2396326
12.798994,12.454559
15.315875,4.3507447
6.566534,12.610627
15.350821,4.553971
5.576927,-1.9220945
5.0940247,-1.3477155
-0.22737966,0.3589733
4.7328477,10.920104
13.226337,-2.2018397
5.21622,-1.8883697
14.294836,12.991713
16.092127,6.6168675
11.720134,0.0049572177
11.003616,-0.48488274
6.0092287,5.9513297
16.420197,5.80847
8.084388,-6.7298985
7.752792,-7.171504
11.770294,-2.283535
14.109031,-3.4625049
6.860444,13.035903
6.533112,6.38169
6.5383186,13.17814
6.5155373,-6.3949647
7.869559,12.086482
-1.8011315,5.277774
16.812859,2.4263265
14.035482,-4.255058
11.6416025,-0.23727667
16.414139,3.7114403
7.8379817,12.018993
6.2123055,13.084729
11.543964,11.58785
16.338516,5.7603517
8.873829,-6.6690516
15.538207,3.0191033
5.161482,11.152488
16.663187,2.9927099
14.775462,-4.2104053
6.349542,-5.5855374
5.993933,12.657685
12.955624,-2.4007204
7.082894,13.17908
5.3312745,10.883931
6.587143,5.9346733
6.39419,-6.1685987
11.404969,13.369707
6.852965,-6.699524
13.69269,-3.8193107
-0.35402736,0.48477542
6.059112,-2.3326771
7.7262278,-7.0835876
7.1728067,12.4064665
14.101577,12.984134
11.344422,0.019717403
16.334991,2.9273856
8.319659,-7.122873
4.997863,-1.4614781
6.2961483,-6.1483135
11.116065,11.587458
5.3581743,10.612787
11.332275,13.769571
14.386566,12.87355
4.689856,11.555698
5.0398726,-1.4769825
14.506856,-2.9006553
7.095353,12.199602
13.607587,-3.313154
14.939107,-4.3494782
13.763159,-4.0430107
4.928961,-1.6170586
13.881139,-4.1058536
16.066246,3.5739086
6.249313,-5.6242094
10.933266,-0.18853801
16.252012,5.603501
16.228743,5.939246
6.047606,12.279888
5.5177298,-1.968736
6.4154906,-6.6481423
14.499207,-2.956822
5.263743,-1.919152
4.5407596,-1.5013086
5.0880756,10.295231
15.889549,3.6846745
6.135043,6.091355
6.6642756,-5.839886
15.548679,5.170898
12.341484,12.3399315
6.8600693,-5.9270844
11.32749,13.375756
6.953751,12.611375
5.200617,10.368111
-0.39216858,0.5226045
16.85487,3.5513992
6.1835093,6.098305
7.1008368,12.834372
13.760989,-4.1445265
6.900645,13.001955
11.615333,-0.21135499
6.7401514,5.9426103
16.381409,3.7732518
10.90136,13.399265
7.772145,12.098622
6.156865,12.703334
16.232887,5.72651
-1.8111534,5.2878795
14.618936,12.8207
6.3902364,12.814582
-1.8768097,5.354062
17.245283,3.1411936
7.0815954,13.201397
15.945173,6.330831
6.8060527,-6.807717
7.750993,-7.158722
13.103145,-2.6887553
16.163233,5.896713
6.528416,12.352789
4.5922036,-1.6295401
6.7548227,13.061361
16.374392,6.046
8.829873,-7.017658
13.208493,-2.8950136
6.648143,6.07046
14.104376,13.125468
11.461859,-2.0507348
11.871079,-0.51593685
6.101264,6.0634155
4.8355803,-1.7127862
15.887483,3.6183763
4.4953847,-1.4599618
7.191468,-6.988722
6.170467,-5.7595153
5.3636694,10.843325
14.034002,-2.8460338
5.6392193,-1.5566007
4.9635634,-1.6275612
14.199938,12.780723
15.515915,3.9188786
16.536966,1.976732
16.366707,6.015262
11.570301,13.5824175
7.958199,-7.4520717
7.2556133,13.00126
5.104071,11.142081
16.395638,3.5636837
6.5293217,12.593617
13.634418,-3.5923128
8.44276,-3.9469473
4.598317,-1.5226502
8.45701,-3.8543308
11.061033,0.071272194
5.9753275,12.7428665
11.691435,-0.013417867
5.2476716,11.305418
12.121069,-2.1345792
14.241037,-4.2225494
8.247262,-3.4288793
11.070985,-0.35647738
7.813869,-7.44424
17.086388,3.1371613
8.11917,-3.3821993
15.687646,4.530163
15.404275,3.9722025
4.748765,-1.8318348
15.581442,3.6585999
6.1461344,12.310262
6.7380466,5.9218426
-0.2958977,0.42705667
11.847129,12.227262
12.865532,-2.4517002
8.150789,-7.5902524
6.3317103,-6.688326
8.0844555,-7.1074796
12.808021,13.170543
11.31721,13.799303
14.314382,-4.046914
12.206297,12.330775
13.807811,12.614517
8.879045,-7.0544086
15.578535,4.7210584
-0.2789605,0.40995482
7.6732802,-5.8134327
12.938758,-2.3969412
15.755226,4.0819755
5.3337965,-1.3268299
17.119484,1.8594801
15.634517,6.070163
15.771623,6.5535145
8.019301,-6.7445645
8.640278,-6.5376205
6.573869,-5.869145
17.330915,2.412596
5.245167,11.180382
4.792056,-1.7187315
4.367751,10.818143
5.343646,10.607337
5.539694,-2.0189672
11.353336,11.912369
6.7993617,-6.077826
16.823715,3.5882359
15.9260845,5.8983703
15.209646,4.2153406
5.711519,-1.6489652
15.255278,-3.8144658
15.185208,4.227896
13.208591,-2.8797712
11.323344,11.521962
6.276096,6.0767484
17.082453,2.5497994
6.239197,13.061551
16.481073,3.3749645
7.096082,12.804454
15.92751,7.1950293
6.850655,13.080358
6.2335076,-6.2291117
7.0857797,12.210939
12.83054,13.190177
4.737539,-1.66959
17.173899,3.1679657
14.86137,3.7732213
15.390187,4.6938877
8.548194,-3.8906627
14.282699,12.734731
13.613088,-4.23075
5.207461,-1.3089533
15.581711,4.098737
11.235991,0.23675019
16.397799,2.8493254
15.8370075,3.0695596
7.6765003,-5.8659925
8.065918,-7.1867027
5.639231,-1.852279
6.064278,5.91508
16.627703,2.692104
6.0575533,12.680977
7.897266,12.155769
16.340578,3.411418
15.71857,3.2531517
6.4644256,-6.4709067
4.954087,10.86951
15.755309,3.6859107
4.728047,-1.8445604
11.138979,11.381368
16.413843,5.901943
13.873293,13.258462
16.142628,6.0852785
15.872435,7.1382165
15.897519,3.9229605
16.493612,3.951573
5.909134,12.364834
13.621163,-4.231017
17.13114,1.760651
4.382417,10.767166
14.895103,3.829896
17.078617,1.8745018
6.2046876,11.707084
15.657669,4.3764167
7.297932,12.723571
4.404959,11.448257
15.522491,5.6440606
6.8033843,5.892569
15.709739,5.496501
14.653753,12.83661
11.493171,13.749591
16.134504,2.4374804
7.1178136,12.175575
13.705909,-3.712473
4.6868505,-1.4361995
5.9293995,12.275524
11.913732,12.24648
11.425148,0.22059204
7.211719,12.089923
4.661415,11.61532
12.945958,13.190941
8.435296,-3.966441
6.719148,-5.667103
6.132946,12.213704
5.4099345,11.9006195
7.8471804,12.407171
13.640919,-2.8838756
16.214382,6.1621037
15.694619,5.602567
14.705807,12.846499
13.748734,-3.7365654
4.8263054,-1.5354475
16.181614,2.4585876
17.063456,1.9518037
11.362448,13.384194
17.218132,2.653895
5.576544,-1.9660567
9.006101,-6.866821
15.641554,6.911131
5.213042,-1.8120431
12.827275,13.185764
15.689687,4.489791
8.789923,-7.0088964
7.7717724,12.180277
6.0337176,-6.010643
6.499062,6.4403358
14.815554,-4.2296042
11.057705,0.17464446
6.0333962,5.976617
16.116375,6.3634014
4.988561,11.015678
6.118926,12.507191
13.399419,-3.208566
15.892373,5.1839457
11.528783,13.520784
4.3462462,10.699944
-0.29812968,0.42916447
6.401815,-6.6710052
7.18393,13.066081
16.307451,4.1394286
16.105083,4.6510124
15.824233,6.67903
17.268766,2.4253628
16.299309,5.8279557
14.710299,-4.04965
15.83345,7.1367416
13.632618,-3.8171432
15.988581,2.3606427
14.962565,-4.0786023
5.935475,-2.1818602
16.594847,2.8540776
8.019046,-7.1029687
-0.3147356,0.44554973
14.164686,-3.9133756
13.794953,-3.8968287
14.8396225,-4.149825
13.802028,-3.0164561
14.683806,12.856788
15.939161,2.4783676
15.2348175,-3.8225632
5.097319,11.290543
5.958231,-5.957557
14.9045925,-4.242561
11.647043,12.251392
16.553993,3.8187308
14.345974,12.869247
5.1796284,11.460908
-1.7999938,5.2766733
11.7249775,12.172415
7.1477838,13.115768
6.4156303,-6.690236
5.374503,11.8486395
8.508268,-3.842981
4.512956,-1.6465584
14.774236,-4.0660567
9.06125,-6.814068
6.973994,-5.6720424
15.768556,7.1355715
15.606467,3.6110082
7.195931,12.58001
17.184698,3.1684694
14.184479,-3.3399172
8.2425585,-3.4238083
16.024185,7.037617
11.228859,-0.54769146
16.7449,1.6820569
11.119438,11.3138075
5.280379,10.627185
5.2345324,10.941801
8.923678,-6.6457176
14.501611,-2.8883712
7.883996,11.903332
13.342947,-3.0654087
11.211031,-0.58786225
14.754945,-3.9550836
11.518877,0.0044924407
16.475134,2.6766832
16.377388,2.8229494
5.3734574,10.604811
12.950149,13.228382
6.0834174,-2.191336
11.226781,11.250018
6.6268044,-5.6300735
15.505069,5.1922183
15.183979,4.337592
11.861879,-0.48728955
4.6991386,-1.8610557
14.802637,3.989576
5.9228926,12.1983595
16.110249,4.67873
6.129118,6.097129
7.7927146,12.212052
11.022584,-0.49496472
6.856902,12.345504
16.030123,3.5123706
16.280085,5.595984
7.3750334,6.244579
15.517545,3.9378371
6.3245597,12.217755
16.235353,5.639537
7.3910356,6.381904
12.778568,13.198223
13.715571,-2.9782455
11.760016,12.355641
5.7043295,-1.5918711
16.297098,4.183602
15.583459,3.568476
7.5431547,13.173914
6.9039845,-5.7768807
15.068573,4.3950696
17.371876,2.3177347
15.646215,6.6312795
5.4627385,11.745741
17.16734,2.3257766
4.759368,10.888197
15.812385,4.173472
6.690436,6.570546
15.9109125,3.0278864
6.1565638,-5.7595844
15.691861,5.318585
4.397988,10.753626
4.909301,11.059013
4.9738355,11.014756
16.814217,1.7086685
6.058827,-2.2907176
7.7978396,-7.1983333
15.2578945,-3.8262887
16.20348,3.9773016
16.174944,6.2336273
15.474978,4.9840865
15.774069,4.4348083
16.429794,6.020489
6.7766876,-6.831311
15.470513,3.858778
7.176713,12.4637375
6.2651086,6.083317
6.972009,11.995339
16.439423,5.7437916
6.48229,12.7937765
5.0331264,11.690728
17.05628,2.3890936
6.3417606,12.239762
16.242676,6.0760293
8.015904,12.260632
6.710668,12.098976
11.865268,12.129464
5.9992094,12.642115
14.095538,12.871716
7.215743,12.540924
17.34166,2.3818858
4.3848553,10.765604
11.488028,-2.0366244
17.407133,2.8172488
5.135605,10.2317915
11.472728,-2.0222692
5.755575,11.233357
11.16874,11.324044
15.949079,6.098111
13.13703,-1.7393608
7.4537206,6.286787
12.362024,12.357772
5.7257204,-1.6906226
10.930116,13.414873
5.6916113,-1.5783566
16.208294,5.955275
7.4536242,6.2997456
6.1052394,6.0906835
6.6340146,-5.9688635
16.196472,5.780214
4.879923,-1.7612237
5.7111096,11.973428
6.297868,-5.9704204
6.509535,12.982141
11.339815,13.490477
6.880922,-5.7597957
15.868528,5.4887676
11.106477,-0.15406758
16.343971,3.4059763
5.740822,11.731567
8.136875,-7.343329
6.861014,13.217803
6.034098,5.969067
17.339647,2.1862643
11.183867,11.383705
7.24098,12.976388
13.954478,-2.8538804
11.264056,13.418812
10.981145,-0.100567654
12.978805,-2.549506
13.287965,-2.8394656
11.409991,-0.27229455
13.165596,12.61664
12.439502,12.378216
15.310953,4.759994
17.02769,2.6856704
9.021609,-6.746652
15.313994,4.4005995
16.209639,5.772137
14.271776,-3.607129
11.331578,-0.093289025
8.885097,-6.854808
11.172547,11.295268
11.311277,13.693289
9.002241,-6.9660177
7.3477674,12.480524
6.6566777,6.0337815
7.6497493,6.8079677
6.5015817,12.254821
16.798695,3.5437071
15.701418,5.349993
12.401283,12.367087
6.303739,12.784676
5.9952226,12.691339
15.74062,3.873113
15.853522,3.5437086
7.8121586,-7.490867
17.481606,2.2573588
9.07815,-6.9724584
11.604111,-0.4573964
6.2261877,12.999205
6.046432,5.9689803
7.0213203,12.434856
16.934557,2.323246
7.1946993,12.858796
6.1811867,12.880134
17.44784,2.2806475
16.096287,2.6977446
16.0416,3.8019574
6.508084,12.642179
12.111313,-2.0950546
13.656176,-3.73343
16.552492,1.6448487
13.666522,-4.2598443
15.928138,7.1984415
6.3221655,12.177357
11.107101,0.12156477
15.474983,5.1524115
6.914204,12.732427
14.26265,-4.076506
5.320036,-1.1965932
6.4138436,-6.6078715
6.5836134,-5.9735403
9.111307,-6.764964
14.953172,-4.40404
7.4955316,6.551564
6.9790807,5.991935
15.606368,6.5948496
6.378047,12.674721
12.468854,12.410718
6.2257156,6.2169127
13.629284,-3.3500993
15.9939375,6.865375
13.820272,13.211241
16.15673,3.2128267
16.35005,5.595701
6.5894017,12.994346
6.338068,-6.3311725
16.45825,3.5865815
11.432529,-0.101955265
13.631285,-4.1073704
6.9686303,13.138883
-0.30947933,0.44050217
17.057009,3.1848342
17.47195,2.2432177
16.692177,2.8058026
14.510078,12.896015
15.5226,5.1468115
4.472405,11.419939
8.251357,-3.4489813
7.124234,13.04111
16.176388,3.855296
6.6385784,13.031306
16.700016,3.1004965
14.166857,-4.2597146
5.5033693,11.056782
15.728235,3.2621722
9.068144,-6.866992
11.92254,12.10006
6.5893245,-6.057329
-0.41814172,0.54890615
4.987662,11.00629
-0.27554342,0.40649623
15.870573,5.055163
13.626981,12.957601
11.453569,-0.1660534
15.845583,5.540545
6.355114,-6.714366
11.311058,0.23707731
6.9529114,12.073727
17.160566,3.2164638
9.088021,-6.909701
13.609889,-4.2414737
15.486857,4.3902593
5.5872064,-1.8743943
6.98313,12.416548
15.932215,7.332121
7.4229727,6.2899065
13.871299,-3.99375
16.413395,2.98652
5.0620227,-1.4445784
6.956454,-5.6577687
5.9317346,12.517956
-0.24870424,0.38006562
6.9172673,12.380324
16.31016,5.8754244
16.004868,6.9623013
6.8018694,-6.645159
15.906612,6.7736397
16.572544,3.3221407
11.177093,11.489082
6.677923,6.3932595
13.960005,12.6632395
15.449245,5.1505
17.043234,1.7246014
13.160105,-1.8177073
13.636063,-3.808723
11.081292,13.602611
6.3341703,-6.1597652
13.770769,-2.9760656
4.416503,11.388102
8.233801,-6.2092137
5.8855457,-2.100791
16.439613,3.028718
15.784024,6.6789513
5.326694,-1.8909833
16.18582,3.4826248
6.7979994,-5.6070557
-0.37092933,0.5015467
13.988689,13.033752
6.322722,-6.2847147
10.96503,-0.1254619
15.9127445,4.0943127
11.651957,12.136197
12.067582,-0.6925477
7.1348457,-5.786544
7.207927,12.383812
8.623724,-6.4940243
5.9799113,5.9284325
16.51541,1.7715224
5.118576,-1.7255677
15.179109,-3.9083197
7.98964,12.236021
6.8004727,12.854531
11.266525,-0.610781
14.089769,-4.132199
13.035314,-2.6344886
6.995098,12.09427
6.7671123,5.942289
12.053453,-0.6716558
6.58018,12.355217
6.071656,-2.240726
7.614063,6.8217125
16.44363,5.696103
15.5193,3.9163506
15.371606,4.942015
7.872241,-6.6248207
4.9530582,-1.5298351
6.149044,12.691087
15.873023,6.942385
6.186663,12.467156
5.3145943,11.846143
13.506517,-3.370567
7.256283,12.96585
11.483541,11.551222
5.210923,-1.2807146
5.969151,-5.916866
4.788862,11.596371
7.1163535,12.294964
6.5683727,12.559038
16.372965,5.525193
8.4645405,-3.8323038
11.295869,13.377132
6.0619144,12.728559
5.9794984,12.17132
12.817743,13.204724
15.963749,6.77725
11.282209,11.349913
-0.437965,0.56847936
7.3189836,12.761161
8.22131,-3.4164295
14.891647,-4.4236727
11.059696,11.461312
4.7709155,11.098578
11.144413,11.27047
7.544923,13.150856
7.207547,13.012806
15.876046,4.1063333
6.1001153,12.371012
5.219621,-1.3179437
14.12887,12.995057
8.682493,-6.568916
7.0772805,12.460103
8.136809,-7.0221353
5.9895277,12.634631
15.328097,3.9689786
16.080898,5.774973
16.182009,5.0356064
12.191112,-0.83013976
15.775486,3.1758018
11.353351,13.433564
12.487087,12.413574
4.9203715,10.418225
12.971487,13.185006
16.472408,3.4535542
11.509716,0.19646499
5.8909655,-5.8798
16.382406,6.121122
8.318394,-7.135935
6.66353,6.38322
11.568345,-2.062172
5.385562,-1.8842952
14.999017,-4.0008307
14.01234,-3.3635106
15.697224,4.568423
16.093773,5.9446955
14.269176,-4.0440664
15.951719,6.5284367
15.620956,4.9717326
16.039255,6.39579
8.462399,-3.8294148
16.94422,2.4672704
13.630195,-3.2550545
15.697238,4.1589794
11.924106,12.175865
7.0616245,-5.797534
8.526123,-3.8668394
7.6784253,-5.952217
6.610428,13.254222
14.182237,-2.911738
-1.8421118,5.3187323
15.969849,6.495703
6.648033,12.676017
6.066535,12.40193
11.221257,13.681418
13.966591,-2.853745
14.038405,-4.374259
7.5215034,6.3310876
10.978283,0.12608604
5.175284,10.413599
5.5632977,-2.0162494
15.921372,5.690276
11.773877,12.353236
16.483011,3.0642343
6.3196526,12.506849
11.650821,12.193153
7.2214694,12.561821
10.935143,-0.10547973
-0.256279,0.3873065
9.007561,-6.7520056
6.957537,5.979678
15.875346,5.0168147
11.197995,-0.007730324
5.0860057,10.264219
11.139034,11.417902
14.066028,-4.3675427
7.2156157,6.0722556
15.816165,6.5545993
13.69553,12.903425
11.960482,12.148019
6.9201007,6.527035
6.9860888,-5.8416843
16.191544,2.3876717
7.40681,6.4644604
15.89634,3.8266973
11.314881,13.661365
6.636779,6.4059095
11.177759,0.017383438
12.780748,12.441831
17.42856,2.1164768
4.8605886,-1.8559749
16.567635,1.7139022
14.809812,-4.2664576
5.5072556,11.83322
11.587477,13.742424
5.363604,11.75761
6.826692,-5.9975896
5.338868,10.521338
6.3085885,-6.1907716
7.926968,-6.842491
12.438968,-2.414125
17.308508,1.9976927
6.8093247,-5.585265
16.169846,4.287834
6.022414,5.950958
5.892248,-2.4406898
15.833336,7.2506385
15.839464,4.332339
11.387058,13.390197
8.006989,12.289313
6.043075,12.95149
8.629642,-6.5611
11.612026,13.611269
5.481826,10.659299
14.882074,-4.3666005
11.0017605,-0.29512522
6.118845,6.0712357
15.75997,3.2763836
7.4816346,6.2791905
-1.8038791,5.2805214
4.969359,-2.0137653
11.098503,11.28051
8.534028,-3.87247
15.70844,7.031204
17.43134,2.2763886
16.265085,4.2443886
7.8512263,-5.463043
14.392094,12.915045
11.603329,13.725521
6.6397405,6.4023037
6.853829,12.437522
11.446708,-2.0067892
7.8673744,-6.9836802
7.03549,12.2796135
16.499199,2.2782817
5.199717,11.152733
7.088375,12.417854
6.663156,12.937801
12.519056,-2.239832
7.50269,6.256903
7.8258815,11.77679
6.6478086,6.432061
16.830215,3.0517347
13.656722,-3.7703602
11.266255,11.773855
16.355846,5.5624533
5.322736,10.6577835
-1.8565416,5.333749
8.11982,-7.072879
15.373326,4.4253407
15.752584,3.2407143
17.30013,2.229443
5.4202085,11.535481
11.14098,11.725286
11.033226,13.535142
15.241839,-3.78168
5.762299,-1.5827805
7.8544364,-7.021039
7.198954,12.87007
8.3691435,-4.1218357
7.707844,12.06453
5.921078,-5.869604
11.428478,11.558017
15.56096,3.0886176
11.272275,-0.10811387
-0.27031085,0.401346
5.9064374,-5.923127
7.735562,12.355427
11.4494915,13.779662
5.634524,-1.9126823
5.923053,12.343926
11.015231,-0.29842126
14.8246355,-4.334147
15.914703,6.3532467
15.724329,6.272222
6.977493,12.251879
7.847226,-7.1777534
15.2674265,4.189492
11.571503,12.133589
16.409143,3.0448782
7.551424,-6.0012608
6.159843,-6.093139
6.3982444,-6.5523114
11.2595,11.342902
17.104494,1.8508959
4.309032,10.692984
14.380588,12.841414
13.642215,-3.143894
7.2146587,12.488864
11.56756,11.612789
11.278877,0.26632002
7.556998,13.164829
5.477511,-2.0313659
13.551617,13.017776
6.1164823,6.0727806
6.1922655,6.168714
4.5813537,10.805287
16.213173,2.8370333
15.646679,5.930632
7.74012,-7.2444644
11.981894,-0.58921987
5.486925,-1.3988427
16.432255,2.1393142
11.8501,-2.096561
13.2360325,-2.0426936
14.513918,-2.9887319
4.980847,10.315967
7.7014728,12.158259
14.323338,12.967697
11.516271,0.17322215
6.3379636,-6.641989
11.047352,11.402346
12.355659,12.327938
8.469515,-6.880872
14.158217,-3.4378617
7.9061027,12.19573
5.0352974,10.313948
16.523052,2.2114816
16.286367,3.9547946
6.7525015,-5.79569
5.976452,-2.1449912
16.002703,7.268553
7.218113,12.499487
8.225484,-7.2085824
6.1013346,6.0447664
12.839216,-2.4274123
16.239727,2.5701718
5.99723,5.9502873
6.204031,11.689127
15.15044,4.5929146
16.581978,1.7743838
11.366784,13.427892
17.08983,2.6131704
11.257173,0.18228938
12.112708,-2.2114248
6.3199553,13.072036
6.026996,12.8903675
15.38609,4.4308586
17.138325,2.4189904
12.847725,-2.4088943
14.5178795,12.87113
6.6262045,12.47158
16.554022,2.5591776
16.264687,3.3591
17.142672,1.7083747
13.570787,-3.759449
6.242649,12.817181
7.2513337,12.69206
6.605846,5.9390764
4.391248,10.825095
6.364258,12.779146
14.707276,12.888216
8.7700615,-6.5906987
17.362022,2.4055276
14.245092,-3.670749
16.20554,3.5263846
11.677156,-0.0050536115
11.538921,13.650778
-1.8585147,5.3353996
16.533665,2.0943186
13.997338,12.930458
11.1101,0.11146506
5.2845845,-1.2338233
4.67703,-1.4039272
13.8406925,-4.252549
15.914538,5.737744
16.56395,1.8122973
17.152336,1.6383417
7.9107537,12.375553
13.5691,12.983441
15.996564,7.0170565
16.065426,6.92675
14.341869,-3.556207
16.35944,5.7164574
17.452333,2.26861
14.2702675,12.8690605
6.0543265,12.216578
16.012182,4.8018346
13.658279,-3.3826401
-1.8662373,5.343408
17.092756,2.2096353
6.0101666,5.947906
6.189255,12.265051
7.49921,6.390256
11.389413,13.808265
4.4284186,11.461189
6.709529,6.453906
16.565851,1.9933902
14.600941,12.896808
-1.8377172,5.314716
7.4637423,6.1811
11.322135,13.801531
13.210206,-2.9672747
11.596767,-2.0754595
15.61435,6.066023
14.002384,-3.3498652
6.514195,12.638871
15.772828,7.082981
5.990694,-2.4295766
6.4823217,-6.0240746
11.23346,11.349624
6.635094,6.3580704
11.159983,0.11670172
16.240122,3.708016
13.859124,13.275718
6.0001016,5.9355674
16.36189,3.0287457
14.95489,-4.4010935
11.916969,-0.49018857
8.176664,-7.033091
15.862034,7.0966735
6.741912,-5.6654744
8.200222,-7.297328
15.858452,4.558966
17.436577,2.335144
-0.36778933,0.49845433
6.617943,-5.7728767
11.475737,-0.03898761
6.083418,-2.2446973
14.496164,-2.926111
7.4815283,6.160305
5.825016,12.266417
7.8378615,-6.183727
5.0593686,-2.0259624
5.8788786,-2.4714873
13.680697,-4.2935004
8.092801,-7.1947365
14.259751,12.87739
11.948771,12.152618
14.315957,12.937768
7.7993155,6.634054
15.686239,4.608955
16.402052,5.6711326
11.826834,-2.2580032
15.8529215,2.8020284
15.950563,4.5353785
6.6531134,6.43281
11.668243,12.143856
6.6702843,6.505848
11.287098,13.359921
11.165657,11.547018
13.820383,-3.9951773
11.450414,-1.9946115
11.583043,12.136524
12.40941,-2.3595338
6.722809,-5.5646687
16.80299,1.9355865
7.0864778,12.200096
13.907195,13.268679
15.772143,5.7809277
6.0030375,5.8959236
12.918382,-2.510186
5.266583,-2.0356035
14.232086,13.064294
6.6744385,6.0296235
-1.8204882,5.2972026
11.093667,11.303907
16.459616,2.8081706
11.4275255,13.315625
-0.32432568,0.454971
14.255274,-3.602893
5.3043385,11.371047
4.882543,11.062556
4.6910386,-1.6205376
14.2168455,12.785221
15.232486,-3.8008795
11.550524,12.196156
5.8948226,12.460537
5.1681457,11.132445
4.467707,-1.4653972
9.028998,-6.99454
11.318527,0.27267864
10.993607,-0.073543206
17.136673,2.5033123
7.924733,-6.913282
14.216646,12.925923
11.61422,13.460436
11.523391,-0.22974052
14.696591,-3.8891737
12.476079,12.401748
4.3672724,10.818559
11.971191,-0.5828943
6.9881816,13.186211
15.750877,3.069775
13.1615715,-2.8240035
12.919806,13.195469
-0.25474134,0.3860475
15.536996,3.3549337
16.489592,3.8353863
7.317208,12.536501
16.312159,2.5589728
16.125946,4.611795
8.660791,-6.964183
11.25134,-0.23658499
16.361275,3.1581583
15.170611,-3.920649
13.728219,-4.0475836
5.922956,-5.9510384
6.4664345,12.413163
16.030455,2.6192307
11.578941,13.646423
-1.7902628,5.2671084
9.071102,-6.957132
15.754289,3.5320141
4.4320955,11.347276
8.197927,-7.0748844
5.039388,10.442245
7.6609097,6.915233
6.1474857,-5.9558835
11.763348,-2.2983658
13.670825,12.646861
7.1228123,12.866099
12.645081,12.430839
16.649767,2.8101695
6.535047,13.197187
4.549528,11.33559
15.848563,7.2084007
8.23319,-3.4683
14.605212,12.848559
15.994623,2.4617703
12.325291,-2.1932952
4.386123,11.443821
5.969114,-2.403928
4.923703,-1.6734284
16.807573,1.644001
4.974378,11.753916
14.131083,12.857955
7.9085774,12.152487
6.4649878,12.347344
7.705704,12.469366
6.889399,-5.88429
16.940338,2.6506145
11.308468,13.358138
15.453426,5.155063
6.778705,5.8985167
5.9524627,11.466382
7.1487374,12.832777
11.056735,-0.17524467
13.04879,-2.6678948
6.714752,5.8775916
12.063193,-0.74056536
5.8812284,12.533237
14.325869,12.951856
15.746289,5.4123955
15.941042,6.672797
6.1719594,-5.671385
5.759846,-1.6548128
16.925188,2.691379
16.037596,6.907963
15.231438,-3.8285909
11.202013,-0.5860923
14.271514,13.073971
15.761349,3.311553
15.666366,6.584296
13.391654,-3.1766465
6.0520926,5.986617
14.446219,12.802334
16.027771,7.1423655
15.159221,-3.740865
6.860265,-5.9305058
11.321463,13.790376
15.275526,-3.7474837
13.589193,-3.77674
6.32773,12.714728
13.658803,-3.165661
6.348093,-6.2789507
8.0826,-7.5757585
10.864763,-0.058515187
8.217963,-7.4888897
17.105364,3.2829742
11.432783,0.2619538
5.1846733,-1.3519039
16.353668,5.7720714
13.823841,-3.4517145
13.255577,-3.043738
15.733451,3.2289433
16.813873,2.0740914
15.482497,6.7217555
7.7150335,-6.057605
14.066934,-3.4063873
16.208324,2.4504538
16.316328,4.095295
16.409702,2.6885777
11.514249,-2.0341737
16.251884,3.6286576
12.803559,12.455281
15.061413,-3.9539444
11.319567,11.455798
4.7921004,-1.8215461
5.0070043,-1.5712669
4.515071,10.7741
5.332705,11.724163
14.493347,-2.8871822
14.272767,-4.004897
14.52233,-2.9171393
7.1543856,12.816375
14.078927,13.110412
17.432005,2.2043686
4.9808292,11.020548
6.903519,-6.0406857
7.803374,-7.1463714
7.925549,-7.0782437
10.994607,0.046029676
5.4861116,10.869153
7.891203,-6.9814034
5.9903965,-2.1235325
11.832865,12.133948
11.477007,0.19694343
11.751758,-0.568687
6.761334,5.9858603
13.233238,-3.0566514
4.3507295,10.714928
5.2585864,11.65981
7.1618133,-5.793174
13.768843,-4.196528
14.669541,-4.1561303
8.424584,-3.9746344
11.39847,11.491668
11.192154,11.750531
5.3488584,11.755649
6.4331183,12.988521
7.4996285,6.360164
6.4610553,12.54144
16.617674,3.1505253
7.0999527,-5.899779
6.37291,13.143766
7.7734118,12.1605
5.5856586,-1.9838951
5.003522,11.279325
6.070906,12.880447
15.469717,6.9222636
13.631058,-3.7423186
12.396574,12.3518505
7.81468,11.755787
14.153181,12.923893
-1.8448122,5.321883
-0.43501517,0.56542856
6.3524246,-6.359103
7.8512187,-7.4846997
16.458246,5.7100997
15.995299,2.6543899
11.270869,13.667982
14.811524,-4.267475
15.114486,4.4074893
15.212761,-3.8609102
7.15041,-5.912188
15.835652,7.1228423
13.656148,12.882862
15.608528,3.7054882
16.535637,1.9211267
7.274466,12.517479
17.16504,1.8274682
5.098326,10.301913
7.5409274,6.389473
15.440825,5.145744
15.585992,3.6555297
9.09767,-6.8981185
6.4775214,-6.010624
15.883325,4.6755614
16.070456,6.0625496
6.3408465,12.260383
13.935189,-2.8126435
15.091118,4.383667
7.7968354,-6.4476967
12.157587,-2.2442825
11.608395,-0.46452153
11.563818,12.156192
7.661843,-6.1223354
5.946799,-5.877016
6.608654,13.178542
5.2001386,-1.3157185
7.554358,6.5952673
15.1331005,4.3671556
6.2751274,12.786166
13.280668,-2.8436306
6.0491867,-2.18829
8.345679,-4.159293
12.8939085,-2.4723086
7.625671,6.7890344
11.145464,13.708573
13.115648,-2.491377
15.647072,4.6145873
6.7045493,13.279083
15.984958,3.531806
6.5889387,13.278933
11.8876705,-0.52649564
15.220742,4.6246734
6.7007823,13.145363
4.3607264,10.788528
5.106984,-1.4405905
15.634901,3.0720792
6.421583,-6.704087
7.949392,-7.1958017
8.233602,-3.4574144
7.928904,12.184613
6.955105,13.006999
5.0996394,-1.4177055
8.179833,-7.550933
4.4846077,-1.4816891
12.844199,-2.4149656
7.065026,13.16498
13.638763,-4.2329836
11.957729,12.094807
16.617449,1.9759046
7.529127,6.614798
14.772961,12.860293
16.392292,3.5857844
11.5882435,-1.8988651
8.660873,-6.5090346
5.741854,-2.499718
4.729086,-1.3411237
7.7517366,12.212963
14.243073,13.010028
16.111046,5.4327226
6.35159,-6.6766195
13.303406,-2.13178
6.6747065,12.983336
11.33707,-0.1085723
16.249426,5.923004
7.701736,-7.0461116
4.393092,10.7935095
5.371766,10.592231
16.05853,5.962611
15.305271,-3.7172883
16.05719,6.9504747
5.8595266,12.22777
15.390441,4.5208597
11.134704,11.256336
15.107945,4.3716054
14.879036,-3.9247823
6.5158787,6.5096726
4.5299377,-1.4938093
11.311037,-0.50836366
15.738547,5.4960203
7.131356,-5.7886634
17.107746,3.1852455
6.9311457,-5.8363795
15.575406,5.2474127
6.3312483,-6.6658397
15.720871,6.6413927
14.102751,13.134434
16.415949,4.121236
12.076434,-2.3401158
12.915069,-2.4378614
11.897243,12.145906
-1.8131102,5.2897215
11.482142,13.497299
8.027878,-7.3265796
8.348454,-4.167762
16.306038,2.2279713
8.590741,-3.9073408
12.909017,13.206033
4.3933163,11.453574
16.184029,6.205316
14.525482,-2.930034
6.191008,12.234783
7.124599,12.453104
17.48628,2.2228246
7.526812,12.296189
6.5134377,6.4646096
11.7270155,-2.2688618
5.4156723,11.8200655
7.3463387,-5.9502645
11.006453,11.620358
16.543108,1.7509406
6.207009,12.841807
6.7950535,5.8488884
16.320972,2.4837039
16.030588,7.1643276
15.445779,6.638471
14.997241,-4.4796333
6.809631,5.9558864
15.340605,4.390021
8.44004,-7.261755
15.982336,2.7977805
11.146828,11.626086
13.748551,13.356272
13.855402,-4.2564783
14.014518,-4.333655
14.840764,-3.8509626
15.483699,4.4465237
6.8971734,5.951879
16.374735,2.8574502
16.823963,3.104378
6.9857507,12.507738
4.4109783,10.721021
8.036879,12.04497
4.8039083,-1.8154174
8.713503,-3.8499358
15.824366,4.762744
6.492962,-6.330097
5.568655,-1.4181725
16.862461,2.6117961
15.651209,3.2529182
14.605527,12.816628
6.9753504,-5.9684644
6.1895127,13.117387
12.117805,-0.7636828
13.487241,-3.361592
16.777636,2.1063197
16.012241,5.7717237
5.516953,11.468714
8.5345745,-3.8984406
8.999376,-6.9250827
15.811026,4.1945233
7.9894366,-6.7164755
14.854197,-4.377309
6.546608,-6.0291038
17.22935,3.1590629
16.037092,2.706328
15.894143,6.3779354
6.054846,12.470499
14.247014,-4.0629387
7.866808,-7.532364
14.92296,-4.1485863
-0.3401954,0.47120145
13.035991,-2.6504655
8.837016,-6.987145
16.208267,4.5714836
5.2843647,10.496716
16.483751,2.807377
13.817788,13.275281
7.8468623,12.076803
11.040448,0.036843237
5.927283,-6.002084
7.850964,12.152738
11.516045,-2.069348
6.6673265,12.129236
15.93747,7.299617
5.6066065,-1.941145
16.402962,2.1542547
16.529398,3.9872587
15.935396,2.8267534
11.949964,12.104182
12.113274,-0.76217914
6.8969927,-6.425038
15.925856,5.9675245
11.432651,-0.02815459
5.093964,10.291515
6.0239244,-2.2474368
17.153801,3.30136
14.894955,-4.368507
14.771977,3.9896588
7.7887754,6.6291566
13.873525,12.727602
6.4271803,12.866638
11.282408,13.303866
11.213385,11.257663
15.28937,4.646438
4.3887477,10.767352
7.284479,-5.8998017
6.0201917,-2.3489153
7.7149596,-7.185325
6.329525,-6.626268
11.071495,11.591275
13.986567,-4.208246
14.107051,-3.5664005
8.370698,-7.2670503
16.998104,2.4534388
14.155184,-4.296841
7.8575373,12.166087
-0.39591014,0.52632505
15.751009,5.6347957
7.2805696,12.663469
16.164484,6.0309434
7.037014,12.290532
7.797121,-7.1260467
5.9106174,-2.4494252
4.4123144,11.408927
15.487857,5.7249317
15.193234,-3.736282
11.01652,13.592749
11.085347,-0.20644756
15.362135,4.9362564
15.572592,4.2086015
14.952055,-4.381278
5.036882,-1.4194676
16.255344,2.9941137
8.468871,-3.8327672
7.881188,-7.3930817
15.742617,3.750836
16.48573,2.1333888
15.917941,4.510422
17.520119,2.2872164
-0.22906266,0.36033532
11.735284,12.272631
17.048231,2.111887
11.216451,13.670176
6.0792594,-2.2231016
7.737343,-5.8051143
15.863285,5.759261
14.135869,-4.118959
13.450574,-3.234654
7.5698533,6.5770717
-1.8042575,5.280795
12.420946,12.360313
12.32,12.322622
11.409657,13.76675
8.255588,-3.4017327
8.274991,-3.4114518
11.740756,-2.317783
15.976612,7.359428
13.314536,-2.1614869
15.372436,4.712799
14.843693,-4.324932
5.012932,11.010778
6.7517114,6.4435
11.617108,13.607875
16.007288,5.277743
15.907726,5.5915694
11.612559,-0.46894947
11.332719,13.762546
16.733814,3.1540627
8.026328,-7.5964456
14.612071,12.863365
7.5847406,-5.938177
5.3334217,10.566589
7.4187837,12.141467
16.212809,5.8704543
6.363554,12.649065
4.624551,10.906809
6.1294355,12.190386
15.696578,5.4229927
12.545699,12.462849
14.14118,12.830436
15.981195,2.3603718
6.087034,-2.2435422
13.988817,12.885431
11.639331,-0.2343973
10.932438,0.0066080247
13.881596,-4.2710385
8.253831,-3.4129324
14.859932,-4.3639526
15.727972,4.578842
16.098898,4.5545926
5.9604254,-2.4080625
16.127413,3.6705103
15.295774,4.1910324
8.819623,-6.898932
15.355492,4.197783
5.695132,-1.610207
6.494576,13.235452
4.3922477,10.81111
6.997598,6.286574
8.249848,-3.4226913
5.0914435,11.139275
7.0202684,12.2815695
6.091224,12.653441
17.19597,2.0979018
11.776966,-2.3260355
4.7181644,-1.9048282
4.5607486,11.069647
7.894288,-7.540802
5.797618,12.423598
5.933588,-2.4309702
11.252395,0.2070903
6.296302,12.741325
15.9289665,3.21392
11.762951,-2.3105545
11.800241,-0.4685979
16.016066,2.3819425
5.956778,-5.9698143
12.967869,-2.3760734
15.719307,4.2654877
13.8910675,-4.057414
10.983297,-0.057394303
11.2769375,13.710233
5.0969377,-1.351198
6.7026095,6.513084
14.739499,-3.877867
15.670946,6.2470074
5.6284027,-1.9431076
16.926527,3.2661703
16.21272,4.591701
15.628444,5.2162733
15.141631,4.3877935
14.675576,-3.7145905
11.973602,-2.1020694
6.6879787,6.4497647
15.949665,3.5433533
15.375923,3.3097608
11.681528,-0.0010739563
7.3910046,12.44224
7.4086204,12.019379
13.619122,-3.8429687
16.412695,5.7754292
11.211849,11.324356
11.026418,11.643624
15.482655,5.078936
7.939565,-6.861906
14.353851,12.856735
7.8591824,12.04203
17.219534,3.1457787
14.78412,-4.246198
16.760298,3.3792784
10.963781,-0.25710407
11.030061,-0.12665765
15.632165,4.185478
6.055866,12.939991
6.4952245,-6.0250616
16.133627,6.5060263
7.6638174,12.703347
6.5557036,12.280078
8.507404,-3.86391
4.9902043,-1.5412751
16.39557,2.133006
15.92995,3.3429606
6.2753186,-6.3282623
11.680327,-2.3823485
13.5873165,-3.673804
6.1196456,12.691198
14.570966,12.813471
15.788621,2.7775264
16.390564,5.5391183
7.7254467,-6.5893006
12.454758,12.373363
5.650708,-1.8966471
6.2253065,12.351871
13.732194,-2.8988397
11.778681,12.273117
13.631143,-3.011934
4.379374,11.456468
16.45201,2.7811909
4.8906493,-1.4009478
-1.7958286,5.273029
6.333525,-5.589094
6.651947,12.436186
7.6753654,12.046419
7.873071,12.140032
13.910588,12.681658
11.217935,-0.58606464
4.4628115,10.9844265
6.6338696,12.597315
7.5342555,-5.8264894
16.335468,3.4742882
4.859261,10.402339
15.828828,6.3219414
15.746852,4.4519305
11.290822,13.364631
12.149872,-2.1226492
14.886245,-3.9703176
5.2594695,-1.2659429
7.6671653,-6.27758
12.247515,12.314385
5.6699095,-1.8761303
15.449155,4.9802904
11.395494,0.268764
15.820066,6.503411
16.071417,6.9919233
4.882215,10.374174
7.8718653,11.975782
11.09903,11.708507
15.977425,3.729967
14.747631,4.0240917
7.650338,12.202767
6.1481457,6.0831523
15.986994,7.168891
14.045349,13.101136
5.0837765,10.262457
4.745565,-1.8709233
14.805951,-4.2623057
8.042235,12.028622
15.603004,4.547914
6.862059,5.918536
6.6232147,12.626125
11.512792,12.12436
6.7811947,-5.7103395
13.891567,12.65046
7.3108435,12.764011
15.758617,6.972311
6.7461295,5.867281
11.380137,13.789662
5.836471,11.458927
16.871624,3.5254474
14.279613,-3.5969784
5.151917,10.320358
5.478286,11.884244
5.037615,-1.4120282
14.483455,12.74294
6.067224,12.677808
16.190107,3.846859
5.9280295,-5.916124
5.111798,11.185972
6.7924895,5.8712354
6.451252,13.236865
13.948642,13.099537
6.6635604,12.741349
13.0494795,12.442107
16.36553,5.5565085
-0.39668104,0.5271488
4.381158,11.444344
5.5566397,-2.0378654
5.340625,10.5439005
14.644064,-3.7862039
15.938234,7.3647833
16.099537,4.638865
-0.2682861,0.3991423
11.32428,13.72551
-1.8261601,5.3032837
7.9266567,-7.508446
-0.38218117,0.5124158
6.230849,12.589998
7.8480587,11.999196
13.27744,-2.3471503
15.001901,-3.9837394
16.906836,3.505603
8.212516,-7.3735905
6.8395443,-6.855951
15.565221,4.4887934
15.201247,-3.6948333
15.407433,6.6416497
16.230318,5.8699293
17.202791,1.8142161
6.3249106,-6.2729816
11.708518,12.254252
16.577824,1.9008578
4.610654,-1.6297076
6.766785,13.105224
7.883445,-6.59208
7.250001,12.546111
7.712628,12.786656
16.306133,4.1987643
11.656459,-0.25016117
16.503958,1.904355
5.1464562,10.96328
16.158323,3.7993903
7.208029,12.534347
7.7046094,11.997444
5.6866226,10.832217
7.119004,12.241858
6.0392427,-5.990653
7.3628364,6.399704
11.258754,13.389351
11.092827,0.0009368722
15.791093,4.6472692
-0.35180837,0.4823818
14.257658,-4.031003
11.504131,-2.0512295
15.827651,7.1094394
6.5269384,13.066881
15.6705885,4.2901306
16.283916,4.296238
11.416998,11.470075
12.920389,13.219441
7.285128,6.3846135
6.660212,6.06729
11.743618,-2.3484335
16.275076,2.3562832
15.281464,-3.8222466
15.408429,3.2602093
5.3846493,11.6483755
11.010996,-0.27446365
8.597838,-3.9136336
6.0058966,5.9398065
6.8258743,-5.691533
8.280794,-3.4655676
11.65118,12.184652
17.194258,1.7911531
12.064804,-0.6908799
16.535025,1.8601288
13.335916,-3.04986
4.785886,11.631722
6.5835485,-6.13833
16.990679,2.6740205
11.483387,11.5140705
16.722271,2.2605827
11.266715,13.631638
13.354048,13.078257
13.62272,-4.293449
11.802963,12.289253
11.177111,11.263626
16.31029,3.2425208
7.00577,5.98582
16.125666,6.600584
4.5745926,-1.5589118
5.6956096,-1.6963738
8.448326,-3.9357479
5.281633,10.471451
10.968924,-0.25423145
17.288204,2.1451488
15.238398,4.663421
7.322737,6.355824
16.062206,6.8036494
16.14773,3.2325249
7.232113,12.60561
4.8648953,-1.7027953
12.400326,12.313375
5.327653,12.099481
7.913324,12.080823
15.301838,-3.720328
4.364646,11.315385
13.650724,-4.2473006
-1.823866,5.3004484
13.549899,-3.9835052
6.32534,-6.4424005
7.8769217,-7.0253377
13.662854,-3.1820776
16.412386,3.805029
15.506706,3.8437138
8.2800455,-7.2851524
13.667322,-3.7797701
5.3008895,10.533728
7.631148,6.593922
8.629253,-6.4785514
7.7204986,6.6029735
15.645227,3.5574133
6.3199363,-6.1825657
15.220835,4.5101733
6.8892465,5.922323
16.948639,2.7345455
13.2880535,-2.0135098
15.538424,5.948592
6.4827275,-5.6389856
6.1450953,12.833585
7.104806,12.24967
13.172636,-2.24137
6.366071,-6.6586657
8.308587,-7.0529127
7.7213616,-5.806525
5.00649,-1.5439928
17.123358,2.4099915
11.819618,12.097909
8.00087,12.406008
5.9879594,12.443484
13.846459,-4.0517097
12.0955515,-0.680331
15.763869,6.1024694
10.966078,-0.067509644
14.129073,-4.3785844
5.386213,10.618435
14.739042,4.0443244
15.76436,5.488904
15.515068,3.592631
6.3332653,-6.1995163
6.5184345,12.577859
13.644987,-4.2509227
14.961241,4.359836
15.748749,5.354175
5.2198777,11.243989
15.990971,3.8099174
5.9173965,-5.9494605
6.161759,-5.7109995
16.371094,2.8371966
15.618104,4.518039
6.493926,-6.0325217
7.8524575,11.763349
6.447216,12.757313
5.8237433,-1.4901454
7.842493,-7.232402
4.774545,10.621621
7.0893183,-5.757423
15.997883,2.4551852
6.3707414,12.857312
15.181109,4.232727
6.710207,12.224396
14.035194,12.936574
5.4255486,-1.4467638
17.140797,1.7725147
11.947137,-2.0928583
4.3564477,10.726678
16.84841,2.7367702
11.801165,12.29512
7.624529,6.615502
14.705456,-3.7882009
6.659889,13.210541
11.803465,-0.47491026
10.91713,13.397857
-0.39291975,0.52320284
14.865143,-4.1658773
16.448153,3.999741
8.471991,-3.8488321
13.5206175,13.017167
4.3256345,10.664202
9.075274,-6.793442
17.13092,1.7969849
7.471945,6.459572
16.319567,2.2229156
11.213527,13.416218
12.022719,-0.6776393
7.489605,6.5954204
14.133799,-4.3872986
17.2547,1.8698386
16.079378,2.4903748
16.270475,3.8583443
9.14728,-6.908895
16.400373,3.9378378
6.9990573,12.35665
4.6295443,-1.6368641
7.7031326,-7.182243
15.25609,-3.7959194
16.422422,1.8862656
15.49679,3.8757246
14.738344,12.85634
-0.30627263,0.43682435
15.668662,3.4050734
11.303913,13.4605
7.665008,11.938417
14.510259,-2.9245782
4.533649,-1.5278887
11.493567,11.539203
5.4757867,11.823325
8.687476,-6.5178947
7.124795,12.762361
16.606228,2.6734283
6.7286463,6.5323353
5.293158,-1.2069752
16.097572,6.8996506
11.501552,-2.0424678
5.2603846,-1.2127625
14.245278,-4.0775857
11.796177,-0.1819392
5.2001166,11.203507
13.744119,13.019897
11.332837,13.423474
8.078835,-7.577528
14.682923,-4.3324957
13.727761,-3.1636226
17.155897,1.7611228
14.761943,-4.250973
11.083265,11.426471
6.385069,-6.1924477
6.706905,6.517382
7.8933396,-7.5184407
9.062733,-7.01543
11.008035,0.049807463
17.11659,1.7219608
14.30315,12.881708
16.027012,6.7377815
15.779831,3.907376
6.0781627,-6.0723414
16.506292,2.6813414
11.297889,11.429007
6.087381,-2.2819912
5.4572515,-2.048091
15.480682,5.0808816
-0.23265602,0.363804
11.494672,12.141243
11.512539,0.20339356
14.146909,12.893718
-0.35478604,0.48524252
15.778196,4.7078733
15.5105095,3.6485736
13.8481455,12.611775
11.881994,12.23465
7.2703376,12.725082
15.570518,6.548747
7.4069934,6.2832885
17.068354,2.3801215
6.447632,-6.2266507
14.362445,12.874892
5.301544,11.724077
6.0608244,-2.310014
17.126585,1.6778502
14.245546,13.042625
14.267498,12.885643
11.402199,13.862121
6.468416,12.808364
8.945949,-7.0697126
7.9782963,12.261912
11.582436,-0.1003388
5.2229953,11.141985
11.242244,11.515033
7.713888,6.5489154
11.281467,-0.098032035
5.2634273,10.4271345
7.3630657,6.2633724
6.75273,6.5169435
14.088216,-4.1523695
5.921697,-2.4081101
15.706469,6.0544744
15.483428,6.576744
15.587864,4.4691324
4.37092,11.450178
11.887614,-0.40443626
15.1760845,4.505468
14.73116,12.87422
16.801907,1.7026873
11.410302,-0.119283445
15.833335,6.533766
6.330181,12.585334
10.941847,-0.105747394
6.9601173,12.224378
16.57707,1.601547
13.613067,-4.238434
6.7515626,-5.6640396
7.027567,13.195325
6.626968,-5.952429
7.7432985,-6.0453787
16.333185,3.356146
12.781469,13.133663
9.084351,-6.8387213
14.769277,-4.297826
7.3302293,6.31012
13.076603,-2.6995873
13.034977,-2.6601717
15.996112,6.328108
6.767619,-6.801582
6.7142625,5.860086
6.313972,11.662226
5.2900414,10.458735
6.27099,-5.6086335
15.3409195,3.878765
13.94883,-2.8328245
13.804171,13.282998
16.363712,4.014483
11.676394,-2.3023174
